draw_no,date,n1,n2,n3,n4,n5,n6,bonus,total_sales,first_prize,first_winners
1,2002-12-07,10,23,29,33,37,40,16,3681782000,0,0
2,2002-12-14,9,13,21,25,32,42,2,4904274000,2002006800,1
3,2002-12-21,11,16,19,21,27,31,30,4729342000,2000000000,1
4,2002-12-28,14,27,30,31,40,42,2,5271464000,0,0
5,2003-01-04,16,24,29,40,41,42,3,6277102000,0,0
6,2003-01-11,14,15,26,27,40,42,34,15305356000,6574451700,1
7,2003-01-18,2,9,16,25,26,40,42,12794890000,0,0
8,2003-01-25,8,19,25,34,37,39,9,20751450000,0,0
9,2003-02-01,2,4,16,17,36,39,14,73624020000,0,0
10,2003-02-08,9,25,30,33,41,44,6,260856392000,6430437900,13
11,2003-02-15,1,7,36,37,41,42,14,91925306000,4780152300,5
12,2003-02-22,2,11,21,25,39,45,44,76255508000,1348845700,12
13,2003-03-01,22,23,25,37,38,42,26,66532136000,0,0
14,2003-03-08,2,6,12,31,33,40,15,99838648000,9375048300,4
15,2003-03-15,3,4,16,30,31,37,13,73264910000,17014245000,1
16,2003-03-22,6,7,24,37,38,40,33,75777348000,4377146100,4
17,2003-03-29,3,4,9,17,32,37,1,72718152000,5349491200,3
18,2003-04-05,3,12,13,19,32,35,29,66371660000,0,0
19,2003-04-12,6,30,38,39,40,43,26,105957818000,40722959400,1
20,2003-04-19,10,14,18,20,23,30,41,81056776000,19352212800,1
21,2003-04-26,6,12,17,18,31,32,21,84247142000,797475400,23
22,2003-05-03,4,5,6,8,17,39,25,79455152000,4552194900,4
23,2003-05-10,5,13,17,18,33,42,44,77374256000,4317947700,4
24,2003-05-17,7,8,27,29,36,43,6,78486634000,0,0
25,2003-05-24,2,4,21,26,43,44,16,120073768000,24227745300,2
26,2003-05-31,4,5,7,18,20,25,31,80193026000,3495069900,5
27,2003-06-07,1,20,26,28,37,43,27,76145050000,9543982500,2
28,2003-06-14,9,18,23,25,35,37,1,75448366000,1700361100,10
29,2003-06-21,1,5,13,34,39,40,11,74523120000,3552594000,5
30,2003-06-28,8,17,20,35,36,44,4,72399690000,8728555500,2
31,2003-07-05,7,9,18,23,28,35,32,71317306000,8106672900,2
32,2003-07-12,6,14,19,25,34,44,11,71179198000,1634528300,10
33,2003-07-19,4,7,32,33,40,41,9,67457252000,14903517600,1
34,2003-07-26,9,26,35,37,40,42,2,69389894000,3056918000,5
35,2003-08-02,2,3,11,26,37,43,39,66143062000,5054598200,3
36,2003-08-09,1,10,23,26,28,40,31,66856686000,16014475800,1
37,2003-08-16,7,27,30,33,35,37,42,65509794000,4985999400,3
38,2003-08-23,16,17,22,30,37,43,36,67369284000,5374866400,3
39,2003-08-30,6,7,13,15,21,43,8,66094476000,2623748800,6
40,2003-09-06,7,13,18,19,25,26,6,65699086000,1147652400,13
41,2003-09-13,13,20,23,35,38,43,34,57624562000,0,0
42,2003-09-20,17,18,19,21,23,32,1,119909740000,6899280100,6
43,2003-09-27,6,31,35,38,39,44,1,74686296000,17749630800,1
44,2003-10-04,3,11,21,30,38,45,39,69956950000,3362155800,5
45,2003-10-11,1,10,20,27,33,35,17,71216232000,8356417800,2
46,2003-10-18,8,13,15,23,31,38,39,68181568000,5327758800,3
47,2003-10-25,14,17,26,31,36,45,27,67756694000,3250042400,5
48,2003-11-01,6,10,18,26,37,38,3,65806832000,2415673600,6
49,2003-11-08,4,7,16,19,33,40,30,64501142000,1967504600,7
50,2003-11-15,2,10,12,15,22,44,1,65563234000,5227061400,3
51,2003-11-22,2,3,11,16,26,44,35,62553680000,2421117000,6
52,2003-11-29,2,4,15,16,20,29,1,64393446000,3900844900,4
53,2003-12-06,7,8,14,32,33,39,42,64996010000,5014371000,3
54,2003-12-13,1,8,21,27,36,39,37,63833006000,5148626600,3
55,2003-12-20,17,21,31,37,40,44,7,62195764000,7088799600,2
56,2003-12-27,10,14,30,31,33,37,19,65258932000,3777570900,4
57,2004-01-03,7,10,16,25,29,44,6,70132666000,4114411900,4
58,2004-01-10,10,24,25,33,40,44,1,66638136000,3676429200,4
59,2004-01-17,6,29,36,39,41,45,13,67563698000,4127587300,4
60,2004-01-24,2,8,25,36,39,42,11,65405936000,2172504600,7
61,2004-01-31,14,15,19,30,38,43,8,73312994000,3541038800,5
62,2004-02-07,3,8,15,27,29,35,21,66740368000,15817286400,1
63,2004-02-14,3,20,23,36,38,40,5,67074050000,7922245500,2
64,2004-02-21,14,15,18,21,26,36,39,65085154000,3899818000,4
65,2004-02-28,4,25,33,36,40,43,39,66685144000,3727945800,4
66,2004-03-06,2,3,7,17,22,24,45,63378796000,3685138200,4
67,2004-03-13,3,7,10,15,36,38,33,64314872000,2114436500,7
68,2004-03-20,10,12,15,16,26,39,38,63813236000,2945882100,5
69,2004-03-27,5,8,14,15,19,39,35,63711302000,4962712200,3
70,2004-04-03,5,19,22,25,28,43,26,63232578000,5031277800,3
71,2004-04-10,5,9,12,16,29,41,21,62889986000,0,0
72,2004-04-17,2,4,11,17,26,27,1,125651214000,3260524600,13
73,2004-04-24,3,12,18,32,40,43,38,72635862000,2766662100,6
74,2004-05-01,6,15,17,18,35,40,23,68902158000,5284949800,3
75,2004-05-08,2,5,24,32,34,44,28,66138372000,3914616900,4
76,2004-05-15,1,3,15,22,25,37,43,65083924000,7451022600,2
77,2004-05-22,2,18,29,32,43,44,37,64420666000,5155758600,3
78,2004-05-29,10,13,25,29,33,35,38,61257794000,3519850000,4
79,2004-06-05,3,12,24,27,30,32,14,60390004000,3416443800,4
80,2004-06-12,17,18,24,25,26,30,1,60160440000,13809540000,1
81,2004-06-19,5,7,11,13,20,33,6,60983308000,2714288880,5
82,2004-06-26,1,2,3,14,27,42,39,61302808000,14562494400,1
83,2004-07-03,6,10,15,17,19,34,14,62512062000,7086948300,2
84,2004-07-10,16,23,27,34,42,45,11,62780760000,7669779000,2
85,2004-07-17,6,8,13,23,31,36,21,59451304000,3462109800,4
86,2004-07-24,2,12,37,39,41,45,33,59835968000,14252186400,1
87,2004-07-31,4,12,16,23,34,43,26,83793642000,1799358055,11
88,2004-08-07,1,17,20,24,30,41,27,51910612000,3069709650,4
89,2004-08-14,4,26,28,29,33,40,37,55102179000,4248321900,3
90,2004-08-21,17,20,29,35,38,44,10,55493544000,3291435300,4
91,2004-08-28,1,21,24,26,29,42,27,59061052000,3582902400,4
92,2004-09-04,3,14,24,33,35,36,17,58296001000,1233270846,11
93,2004-09-11,6,22,24,36,38,44,19,57236313000,2269178150,6
94,2004-09-18,5,32,34,40,41,45,6,57144729000,2245339950,6
95,2004-09-25,8,17,27,31,34,43,14,60077493000,1747741238,8
96,2004-10-02,1,3,8,21,22,31,20,54217572000,1847133515,7
97,2004-10-09,6,7,14,15,20,36,3,57713200000,1496214000,9
98,2004-10-16,6,9,16,23,24,32,43,56231084000,3177972300,4
99,2004-10-23,1,3,10,27,29,37,11,56207491000,2169219050,6
100,2004-10-30,1,7,11,23,37,42,6,56561977000,3315315525,4
101,2004-11-06,1,3,17,32,35,45,8,57585065000,2707297500,5
102,2004-11-13,17,22,24,26,35,40,42,56937962000,1457153067,9
103,2004-11-20,5,14,15,27,30,45,10,57420615000,1691589563,8
104,2004-11-27,17,32,33,34,42,44,35,56533705000,6610743750,2
105,2004-12-04,8,10,20,34,41,45,28,57479716000,3416781450,4
106,2004-12-11,4,10,12,22,24,33,29,57384485000,810461157,16
107,2004-12-18,1,4,5,6,9,31,17,57545202000,6679927800,2
108,2004-12-25,7,18,22,23,29,44,12,58875228000,1998900772,7
109,2005-01-01,1,5,34,36,42,44,33,62584098000,1246838200,12
110,2005-01-08,7,20,22,23,29,43,1,57625490000,4566262000,3
111,2005-01-15,7,18,31,33,36,40,27,57876999000,2199047450,6
112,2005-01-22,26,29,30,33,41,42,43,59292005000,1567271167,9
113,2005-01-29,4,9,28,33,36,45,26,59258248000,1561528934,9
114,2005-02-05,11,14,19,26,28,41,2,60079401000,2362345050,6
115,2005-02-12,1,2,6,9,25,28,31,59130557000,1488589567,9
116,2005-02-19,2,4,25,31,34,37,17,61606084000,1997747315,7
117,2005-02-26,5,10,22,34,36,44,35,59429610000,1558378334,9
118,2005-03-05,3,4,10,17,19,22,38,57171934000,1297989720,10
119,2005-03-12,3,11,13,14,17,21,38,57800632000,1474899400,9
120,2005-03-19,4,6,10,11,32,37,30,57418983000,4364530300,3
121,2005-03-26,12,28,30,34,38,43,9,57134544000,6839648100,2
122,2005-04-02,1,11,16,17,36,40,8,56171704000,1450073800,9
123,2005-04-09,7,17,18,28,30,45,27,54097448000,2532982680,5
124,2005-04-16,4,16,23,25,29,42,1,54180838000,1395936267,9
125,2005-04-23,2,8,32,33,35,36,18,53149705000,1754870786,7
126,2005-04-30,7,20,22,27,40,43,1,52748965000,1369301500,9
127,2005-05-07,3,5,10,29,32,43,35,50752603000,1965939150,6
128,2005-05-14,12,30,34,36,37,45,39,52310392000,2064043100,6
129,2005-05-21,19,23,25,28,38,42,17,51555754000,1093629655,11
130,2005-05-28,7,19,24,27,42,45,31,51359012000,3036496650,4
131,2005-06-04,8,10,11,14,15,21,37,50231773000,1451214488,8
132,2005-06-11,3,17,23,34,41,45,43,49921897000,2920473525,4
133,2005-06-18,4,7,15,18,23,26,13,50889926000,1450242600,8
134,2005-06-25,3,12,20,23,31,35,43,50445575000,2349155100,5
135,2005-07-02,6,14,22,28,35,39,16,51062672000,1717293515,7
136,2005-07-09,2,16,30,36,41,42,11,51144633000,1997694150,6
137,2005-07-16,7,9,20,25,36,39,15,49978654000,1270403467,9
138,2005-07-23,10,11,27,28,37,39,19,47688450000,2227152000,5
139,2005-07-30,9,11,15,20,28,43,13,48371085000,1650210215,7
140,2005-08-06,3,13,17,18,19,28,8,45983464000,2109462840,5
141,2005-08-13,8,12,29,31,42,43,2,48016958000,1900552400,6
142,2005-08-20,12,16,30,34,40,44,19,48012844000,1018265564,11
143,2005-08-27,26,27,28,42,43,45,8,49415357000,3954584700,3
144,2005-09-03,4,15,17,26,36,37,43,49202521000,1402440413,8
145,2005-09-10,2,3,13,20,27,44,9,48913832000,3797838200,3
146,2005-09-17,2,19,27,35,41,42,25,50677555000,6043415250,2
147,2005-09-24,4,6,13,21,40,42,36,50345605000,1700040215,7
148,2005-10-01,21,25,33,34,35,36,17,49523247000,2323596420,5
149,2005-10-08,2,11,21,34,41,42,27,48406950000,1639052143,7
150,2005-10-15,2,18,25,28,37,39,16,48763778000,2831645850,4
151,2005-10-22,1,2,10,13,18,19,15,47357067000,2716634025,4
152,2005-10-29,1,5,13,26,29,34,43,48180334000,2278131840,5
153,2005-11-05,3,8,11,12,13,36,33,47777735000,2730526125,4
154,2005-11-12,6,19,21,35,40,45,20,48022386000,2836628700,4
155,2005-11-19,16,19,20,32,33,41,4,46140202000,1193005734,9
156,2005-11-26,5,18,28,30,42,45,2,47344584000,1401099900,8
157,2005-12-03,19,26,30,33,35,39,37,46853365000,5484903750,2
158,2005-12-10,4,9,13,18,21,34,7,46368888000,1069544340,10
159,2005-12-17,1,18,30,41,42,43,32,44311926000,1755407300,6
160,2005-12-24,3,7,8,34,39,41,1,46833239000,5490805350,2
161,2005-12-31,22,34,36,40,42,45,44,53096453000,1996876272,7
162,2006-01-07,1,5,21,25,38,41,24,49050086000,2308265760,5
163,2006-01-14,7,11,26,28,29,44,16,49018952000,1629726515,7
164,2006-01-21,6,9,10,11,39,41,27,53052119000,4054937900,3
165,2006-01-28,5,13,18,19,22,42,31,58088118000,6767426700,2
166,2006-02-04,9,12,27,36,39,45,14,52157466000,1111299982,11
167,2006-02-11,24,27,28,30,36,39,4,52744392000,2491222920,5
168,2006-02-18,3,10,31,40,42,43,30,51496212000,2349946920,5
169,2006-02-25,16,27,35,37,43,45,19,52076183000,2482888380,5
170,2006-03-04,2,11,13,15,31,42,10,49718245000,1923108250,6
171,2006-03-11,4,16,25,29,34,35,1,50357474000,1961339700,6
172,2006-03-18,4,19,21,24,26,41,35,50758266000,1081154073,11
173,2006-03-25,3,9,24,30,33,34,18,52286521000,1487736788,8
174,2006-04-01,13,14,18,22,35,39,16,52340568000,1771103058,7
175,2006-04-08,19,26,28,31,33,36,17,50895147000,2371132620,5
176,2006-04-15,4,17,30,32,33,34,15,50488528000,2314663080,5
177,2006-04-22,1,10,13,16,37,43,6,50480325000,1693285500,7
178,2006-04-29,1,5,11,12,18,23,9,49582758000,2254621080,5
179,2006-05-06,5,9,17,25,39,43,32,47291694000,1081093920,10
180,2006-05-13,2,15,20,21,29,34,22,48895477000,5763371550,2
181,2006-05-20,14,21,23,32,40,45,44,49124446000,1941763300,6
182,2006-05-27,13,15,27,29,34,40,35,47222594000,3721439400,3
183,2006-06-03,2,18,24,34,40,42,5,45938460000,1777221500,6
184,2006-06-10,1,2,6,16,20,33,41,45503351000,1747753050,6
185,2006-06-17,1,2,4,8,19,38,14,45783088000,3522485800,3
186,2006-06-24,4,10,14,19,21,45,9,45484428000,1187882600,9
187,2006-07-01,1,2,8,18,29,38,42,45855961000,1544733900,7
188,2006-07-08,19,24,27,30,31,34,36,45176242000,3501405200,3
189,2006-07-15,8,14,32,35,37,45,28,43650551000,3461775100,3
190,2006-07-22,8,14,18,30,31,44,15,44864459000,1784159450,6
191,2006-07-29,5,6,24,25,32,37,8,44534869000,2577114675,4
192,2006-08-05,4,8,11,18,37,45,33,42035065000,2445348375,4
193,2006-08-12,6,14,18,26,36,39,13,43788477000,3404449700,3
194,2006-08-19,15,20,23,26,39,44,28,44511515000,2650567875,4
195,2006-08-26,7,10,19,22,35,40,31,44374725000,918992591,11
196,2006-09-02,35,36,37,41,44,45,30,45773496000,727876520,15
197,2006-09-09,7,12,16,34,42,45,4,45993306000,1803018300,6
198,2006-09-16,12,19,20,25,41,45,2,45614021000,1797855050,6
199,2006-09-23,14,21,22,25,30,36,43,45021068000,5344252200,2
200,2006-09-30,5,6,13,14,17,20,7,46640423000,1344616613,8
201,2006-10-07,3,11,24,38,39,44,26,42254768000,9719465400,1
202,2006-10-14,12,14,27,33,39,44,17,48304034000,1893391700,6
203,2006-10-21,1,3,11,24,30,32,7,47033359000,2164564740,5
204,2006-10-28,3,12,14,35,40,45,5,46077750000,1358347125,8
205,2006-11-04,1,3,21,29,35,37,30,46330516000,1835221800,6
206,2006-11-11,1,2,3,15,20,25,43,44326979000,2032859340,5
207,2006-11-18,3,11,14,31,32,37,38,45282336000,2104673760,5
208,2006-11-25,14,25,31,34,40,44,24,45516378000,1760767400,6
209,2006-12-02,2,7,18,20,24,33,37,43753377000,1660896350,6
210,2006-12-09,10,19,22,23,25,37,39,44757963000,5139085950,2
211,2006-12-16,12,13,17,20,33,41,8,45332675000,1035800250,10
212,2006-12-23,11,12,18,21,31,38,8,46139120000,2660747250,4
213,2006-12-30,2,3,4,5,20,24,42,48745094000,1376678025,8
214,2007-01-06,5,7,20,25,28,37,32,49195740000,1406980875,8
215,2007-01-13,2,3,7,15,43,44,4,47675761000,1587689615,7
216,2007-01-20,7,16,17,33,36,40,1,48342018000,848506108,13
217,2007-01-27,16,20,27,33,35,39,38,48260644000,1611246172,7
218,2007-02-03,1,8,14,18,29,44,20,47018314000,2779075800,4
219,2007-02-10,4,11,20,26,35,37,16,46903745000,1208409167,9
220,2007-02-17,5,11,19,21,34,43,31,50383399000,1958094950,6
221,2007-02-24,2,20,33,35,37,40,10,47674135000,1800104250,6
222,2007-03-03,5,7,28,29,39,43,44,47735197000,2275193820,5
223,2007-03-10,1,3,18,20,26,27,38,46036874000,1498170600,7
224,2007-03-17,4,19,26,27,30,42,7,46435109000,1808969950,6
225,2007-03-24,5,11,13,19,31,36,7,46352016000,1777201800,6
226,2007-03-31,2,6,8,14,21,22,34,45145643000,1744100150,6
227,2007-04-07,4,5,15,16,22,42,2,44444776000,5253542400,2
228,2007-04-14,17,25,35,36,39,44,23,44764100000,1146700334,9
229,2007-04-21,4,5,9,11,23,38,35,44762989000,1451441100,7
230,2007-04-28,5,11,14,29,32,33,12,44191351000,1292929163,8
231,2007-05-05,5,10,19,31,44,45,27,42355627000,1088365900,9
232,2007-05-12,8,9,10,12,24,44,35,43564632000,1110918400,9
233,2007-05-19,4,6,13,17,28,40,39,43516805000,999153750,10
234,2007-05-26,13,21,22,24,26,37,4,42814085000,2519743875,4
235,2007-06-02,21,22,26,27,31,37,8,43347391000,3433330100,3
236,2007-06-09,1,4,8,13,37,39,7,42941871000,5030040150,2
237,2007-06-16,1,11,17,21,24,44,33,43358287000,1440630729,7
238,2007-06-23,2,4,15,28,31,34,35,42952477000,1121660567,9
239,2007-06-30,11,15,24,39,41,44,7,43296565000,1134140167,9
240,2007-07-07,6,10,16,40,41,43,21,43603443000,5098251450,2
241,2007-07-14,2,16,24,27,28,35,21,43246894000,2552016300,4
242,2007-07-21,4,19,20,21,32,34,43,42679760000,1234542375,8
243,2007-07-28,2,12,17,19,28,42,34,41304830000,2408850000,4
244,2007-08-04,13,16,25,36,37,38,19,39411047000,9121583100,1
245,2007-08-11,9,11,27,31,32,38,22,41854623000,1382583129,7
246,2007-08-18,13,18,21,23,26,39,15,41453154000,1911774240,5
247,2007-08-25,12,15,28,36,39,40,13,42231698000,1669313900,6
248,2007-09-01,3,8,17,23,38,45,13,42348403000,1227479363,8
249,2007-09-08,3,8,27,31,41,44,11,42539134000,1663568700,6
250,2007-09-15,19,23,30,37,43,45,38,42122808000,1994726280,5
251,2007-09-22,6,7,19,25,28,38,45,44493014000,1282616400,8
252,2007-09-29,14,23,26,31,39,45,28,41207920000,1391089715,7
253,2007-10-06,8,19,25,31,34,36,33,42309347000,2466189525,4
254,2007-10-13,1,5,19,20,24,30,27,42259113000,9741015900,1
255,2007-10-20,1,5,6,24,27,42,32,41425341000,1598618550,6
256,2007-10-27,4,11,14,21,23,43,32,41996580000,4891017000,2
257,2007-11-03,6,13,27,31,32,37,4,41433637000,2391377025,4
258,2007-11-10,14,27,30,31,38,40,17,41364428000,2426434350,4
259,2007-11-17,4,5,14,35,42,45,34,40905570000,4838533500,2
260,2007-11-24,7,12,15,24,37,40,43,40140211000,2310085575,4
261,2007-12-01,6,11,16,18,31,43,2,41215041000,3192299100,3
262,2007-12-08,9,12,24,25,29,31,36,39232234000,4518741600,2
263,2007-12-15,1,27,28,32,37,40,18,39677128000,1551704900,6
264,2007-12-22,9,16,27,36,41,44,5,39783178000,1344889200,7
265,2007-12-29,5,9,34,37,38,39,12,40913922000,1200838575,8
266,2008-01-05,3,4,9,11,22,42,37,41937067000,3207211700,3
267,2008-01-12,7,8,24,34,36,41,1,41835853000,3257663300,3
268,2008-01-19,3,10,19,24,32,45,12,41213802000,1350954515,7
269,2008-01-26,5,18,20,36,42,43,32,41357619000,1961399940,5
270,2008-02-02,5,9,12,20,21,26,27,41845351000,1927830060,5
271,2008-02-09,3,8,9,27,29,40,36,40879633000,1565918150,6
272,2008-02-16,7,9,12,27,39,43,28,43310674000,1104622800,9
273,2008-02-23,1,8,24,31,34,44,6,42816211000,3339543100,3
274,2008-03-01,13,14,15,26,35,39,25,42631711000,2505085575,4
275,2008-03-08,14,19,20,35,38,40,26,42329813000,10044066900,1
276,2008-03-15,4,15,21,33,39,41,25,42567610000,3312569000,3
277,2008-03-22,10,12,13,15,25,29,20,41868708000,3272627800,3
278,2008-03-29,3,11,37,39,41,43,13,41088180000,3186530000,3
279,2008-04-05,7,16,31,36,37,38,11,41130542000,1914205320,5
280,2008-04-12,10,11,23,24,36,37,35,40673999000,1355258529,7
281,2008-04-19,1,3,4,6,14,41,12,40800514000,1554683200,6
282,2008-04-26,2,5,10,18,31,32,30,41051175000,1322052643,7
283,2008-05-03,6,8,18,31,38,45,42,40133316000,3137224600,3
284,2008-05-10,2,7,15,24,30,45,28,39773403000,3117640300,3
285,2008-05-17,13,33,37,40,41,45,2,40364871000,3164370100,3
286,2008-05-24,1,15,19,40,42,44,17,40944483000,3236566300,3
287,2008-05-31,6,12,24,27,35,37,41,40623489000,1328657100,7
288,2008-06-07,1,12,17,28,35,41,10,39970134000,2357261550,4
289,2008-06-14,3,14,33,37,38,42,10,39406643000,0,0
290,2008-06-21,8,13,18,32,39,45,7,80362302000,2149214424,13
291,2008-06-28,3,7,8,18,20,42,45,44143418000,1450585200,7
292,2008-07-05,17,18,31,32,33,34,10,43394631000,720373950,14
293,2008-07-12,1,9,17,21,29,33,24,42399708000,1656764400,6
294,2008-07-19,6,10,17,30,37,38,40,41563813000,2406504975,4
295,2008-07-26,1,4,12,16,18,38,8,42248135000,0,0
296,2008-08-02,3,8,15,27,30,45,44,63377899000,3066088275,8
297,2008-08-09,6,11,19,20,28,32,34,43641475000,5056668750,2
298,2008-08-16,5,9,27,29,37,40,19,43151675000,9909778500,1
299,2008-08-23,1,3,20,25,36,45,24,44463909000,1483772529,7
300,2008-08-30,7,9,10,12,26,38,39,44465047000,836092425,12
301,2008-09-06,7,11,13,33,37,43,26,44377177000,1447385015,7
302,2008-09-13,13,19,20,32,38,42,4,46382605000,5472167250,2
303,2008-09-20,2,14,17,30,38,45,43,42841760000,1672749000,6
304,2008-09-27,4,10,16,26,33,41,38,43158653000,1661646150,6
305,2008-10-04,7,8,18,21,23,39,9,43960659000,2008210140,5
306,2008-10-11,4,18,23,30,34,41,19,44421462000,2102669520,5
307,2008-10-18,5,15,21,23,25,45,12,43880990000,2587643250,4
308,2008-10-25,14,15,17,19,37,45,40,43339416000,10232872800,1
309,2008-11-01,1,2,5,11,18,36,22,44157528000,901622946,11
310,2008-11-08,1,5,19,28,34,41,16,43718082000,1296713325,8
311,2008-11-15,4,12,24,27,28,32,10,43209215000,1237691063,8
312,2008-11-22,2,3,5,6,12,20,25,42255391000,629017820,15
313,2008-11-29,9,17,34,35,43,45,2,43672096000,1715422800,6
314,2008-12-06,15,17,19,34,38,41,2,42328094000,1660512200,6
315,2008-12-13,1,13,33,35,43,45,23,44339180000,1308728625,8
316,2008-12-20,10,11,21,27,31,39,43,44073768000,1673586400,6
317,2008-12-27,3,10,11,22,36,39,8,44135114000,2576258550,4
318,2009-01-03,2,17,19,20,34,45,21,46663728000,1207436600,9
319,2009-01-10,5,8,22,28,33,42,37,45435183000,2135659380,5
320,2009-01-17,16,19,23,25,41,45,3,46659886000,5513067900,2
321,2009-01-24,12,18,20,21,25,34,42,50617982000,1959136100,6
322,2009-01-31,9,18,29,32,38,43,20,48948294000,1904544700,6
323,2009-02-07,10,14,15,32,36,42,3,49209477000,1461025388,8
324,2009-02-14,2,4,21,25,33,36,17,47988317000,1865130350,6
325,2009-02-21,7,17,20,32,44,45,33,46636979000,1806122450,6
326,2009-02-28,16,23,25,33,36,39,40,47224551000,1832134550,6
327,2009-03-07,6,12,13,17,32,44,24,45791560000,882674750,12
328,2009-03-14,1,6,9,16,17,28,24,47316988000,1819795900,6
329,2009-03-21,9,17,19,30,35,42,4,47198504000,1830391200,6
330,2009-03-28,3,4,16,17,19,20,23,45859496000,1162280200,9
331,2009-04-04,4,9,14,26,31,44,39,46641467000,2165902620,5
332,2009-04-11,16,17,34,36,42,45,3,46042557000,1359448388,8
333,2009-04-18,5,14,27,30,39,43,35,46019070000,1550987143,7
334,2009-04-25,13,15,21,29,39,43,33,44439656000,1523002972,7
335,2009-05-02,5,9,16,23,26,45,21,43977478000,2037492480,5
336,2009-05-09,3,5,20,34,35,44,16,43069333000,1685632650,6
337,2009-05-16,1,5,14,18,32,37,4,43432467000,1257500513,8
338,2009-05-23,2,13,34,38,42,45,16,43136020000,3383431000,3
339,2009-05-30,6,8,14,21,30,37,45,42035640000,1096778334,9
340,2009-06-06,18,24,26,29,34,38,32,42892121000,1439393186,7
341,2009-06-13,1,8,19,34,39,43,41,44722448000,1497207772,7
342,2009-06-20,1,13,14,33,34,43,25,43782188000,3454095800,3
343,2009-06-27,1,10,17,29,31,43,15,43656460000,1717153000,6
344,2009-07-04,1,2,15,28,34,45,38,43838886000,1467106543,7
345,2009-07-11,15,20,23,29,39,42,2,43530937000,5203577550,2
346,2009-07-18,5,13,14,22,44,45,33,42862389000,2017727340,5
347,2009-07-25,3,8,13,27,32,42,10,44219740000,1456624286,7
348,2009-08-01,3,14,17,20,24,31,34,42786310000,3299994000,3
349,2009-08-08,5,13,14,20,24,25,36,43433870000,3353209000,3
350,2009-08-15,1,8,18,24,29,33,35,42681094000,1101052467,9
351,2009-08-22,5,25,27,29,34,36,33,43947492000,2583357150,4
352,2009-08-29,5,16,17,20,26,41,24,44719545000,1732858250,6
353,2009-09-05,11,16,19,22,29,36,26,44552925000,5290838250,2
354,2009-09-12,14,19,36,43,44,45,1,44709689000,2124464340,5
355,2009-09-19,5,8,29,30,35,44,38,45017050000,2145424800,5
356,2009-09-26,2,8,14,25,29,45,24,44684958000,1157185267,9
357,2009-10-03,10,14,18,21,36,37,5,45232409000,5313394350,2
358,2009-10-10,1,9,10,12,21,40,37,45651829000,3472654900,3
359,2009-10-17,1,10,19,20,24,40,23,45288256000,1286712600,8
360,2009-10-24,4,16,23,25,35,40,27,45719032000,3566716200,3
361,2009-10-31,5,10,16,24,27,35,33,45062676000,1473115115,7
362,2009-11-07,2,3,22,27,30,40,29,44336363000,1729424650,6
363,2009-11-14,11,12,14,21,32,38,6,44863948000,2615910600,4
364,2009-11-21,2,5,7,14,16,40,4,44192004000,2531914800,4
365,2009-11-28,5,15,21,25,26,30,31,45806066000,10697716800,1
366,2009-12-05,5,12,19,26,27,44,38,45962166000,5351553900,2
367,2009-12-12,3,22,25,29,32,44,19,46459307000,1581736586,7
368,2009-12-19,11,21,24,30,39,45,26,43746046000,1465825115,7
369,2009-12-26,17,20,35,36,41,43,21,46716275000,1842177750,6
370,2010-01-02,16,18,24,42,44,45,17,49762652000,1678941943,7
371,2010-01-09,7,9,15,26,27,42,18,45843166000,1524130543,7
372,2010-01-16,8,11,14,16,18,21,13,46167066000,1192593200,9
373,2010-01-23,15,26,37,42,43,45,9,47095065000,2791801125,4
374,2010-01-30,11,13,15,17,25,34,26,48081319000,5528717850,2
375,2010-02-06,4,8,19,25,27,45,7,47864938000,1581284058,7
376,2010-02-13,1,11,13,24,28,40,7,50657096000,1956915800,6
377,2010-02-20,6,22,29,37,43,45,23,49218434000,3912085400,3
378,2010-02-27,5,22,29,31,34,39,43,48866964000,2317698240,5
379,2010-03-06,6,10,22,31,35,40,19,47537685000,1598999786,7
380,2010-03-13,1,2,8,17,26,37,27,47164371000,2684274825,4
381,2010-03-20,1,5,10,12,16,20,11,47943113000,565738895,19
382,2010-03-27,10,15,22,24,27,42,19,47401288000,1846674900,6
383,2010-04-03,4,15,28,33,37,40,25,46067051000,3596522100,3
384,2010-04-10,11,22,24,32,36,38,7,46888942000,3658734200,3
385,2010-04-17,7,12,19,21,29,32,9,46243483000,1542032700,7
386,2010-04-24,4,7,10,19,31,40,26,45907331000,1042953330,10
387,2010-05-01,1,26,31,34,40,43,20,45459960000,2675533500,4
388,2010-05-08,1,8,9,17,29,32,45,44308705000,2545543875,4
389,2010-05-15,7,16,18,20,23,26,3,45534027000,2119027020,5
390,2010-05-22,16,17,28,37,39,40,15,44189673000,10373997900,1
391,2010-05-29,10,11,18,22,28,39,30,45161516000,10508749800,1
392,2010-06-05,1,3,7,8,24,42,43,45528684000,1713528700,6
393,2010-06-12,9,16,28,40,41,43,21,45989116000,1362003975,8
394,2010-06-19,1,13,20,22,25,28,15,45192337000,10654349100,1
395,2010-06-26,11,15,20,26,31,35,7,46192580000,1534635000,7
396,2010-07-03,18,20,31,34,40,45,30,45463736000,5296622400,2
397,2010-07-10,12,13,17,22,25,33,8,45890007000,3499519700,3
398,2010-07-17,10,15,20,23,42,44,7,45427304000,2680625550,4
399,2010-07-24,1,2,9,17,19,42,20,45551786000,1276854975,8
400,2010-07-31,9,21,27,34,41,43,2,45379731000,2669834325,4
401,2010-08-07,6,12,18,31,38,43,9,43491965000,1168214792,9
402,2010-08-14,5,9,15,19,22,36,32,45002946000,2662206188,4
403,2010-08-21,10,14,22,24,28,37,26,44911335000,2122396875,5
404,2010-08-28,5,20,21,24,33,40,36,45389825000,3566659375,3
405,2010-09-04,1,2,10,25,26,44,4,45220904000,3543878000,3
406,2010-09-11,7,12,21,24,27,36,45,46062206000,2156142450,5
407,2010-09-18,6,7,13,16,24,25,1,48429586000,1649707286,7
408,2010-09-25,9,20,21,22,30,37,16,46406711000,2235375825,5
409,2010-10-02,6,9,21,31,32,40,38,47924584000,2896989750,4
410,2010-10-09,1,3,18,32,40,41,16,47467817000,1249335709,9
411,2010-10-16,11,14,22,35,37,39,5,47259122000,953227563,12
412,2010-10-23,4,7,39,41,42,45,40,47066180000,1656199822,7
413,2010-10-30,2,9,15,23,34,40,3,46925724000,2814673500,4
414,2010-11-06,2,14,15,22,23,44,43,46910990000,11703832500,1
415,2010-11-13,7,17,20,26,30,40,24,46746048000,1334182407,8
416,2010-11-20,5,6,8,11,22,26,44,46854806000,1072037100,10
417,2010-11-27,4,5,14,20,22,43,44,45968256000,2818329938,4
418,2010-12-04,11,13,15,26,28,34,31,47058055000,1435649766,8
419,2010-12-11,2,11,13,14,28,30,7,46508296000,3796490750,3
420,2010-12-18,4,9,10,29,31,34,27,47345476000,1424856375,8
421,2010-12-25,6,11,26,27,28,44,30,47752021000,2321144325,5
422,2011-01-01,8,15,19,21,34,44,12,52730602000,2205251375,6
423,2011-01-08,1,17,27,28,29,40,5,49668311000,3896153875,3
424,2011-01-15,10,11,26,31,34,44,30,48728445000,1109480813,10
425,2011-01-22,8,10,14,27,33,38,3,50459694000,1534833000,8
426,2011-01-29,4,17,18,27,39,43,19,51466592000,3057233625,4
427,2011-02-05,6,7,15,24,28,30,21,52511055000,12571445625,1
428,2011-02-12,12,16,19,22,37,40,8,54685007000,1437683209,9
429,2011-02-19,3,23,28,34,39,42,16,53993833000,1485904709,9
430,2011-02-26,1,3,16,18,30,34,44,53194872000,1611763219,8
431,2011-03-05,18,22,25,31,38,45,6,51661947000,1268434013,10
432,2011-03-12,2,3,5,11,27,39,33,52348574000,2299427550,5
433,2011-03-19,19,23,29,33,35,43,27,52396606000,1182294410,11
434,2011-03-26,3,13,20,24,33,37,35,51579439000,1480060266,8
435,2011-04-02,8,16,26,30,38,45,42,52341267000,1287550013,10
436,2011-04-09,9,14,20,22,33,34,28,50869017000,1512266579,8
437,2011-04-16,11,16,29,38,41,44,21,50798417000,2096245438,6
438,2011-04-23,6,12,20,26,29,38,45,50370042000,1377142167,9
439,2011-04-30,17,20,30,31,37,40,25,49680708000,1900077375,6
440,2011-05-07,10,22,28,34,36,44,2,49810778000,1995873000,6
441,2011-05-14,1,23,28,30,34,35,9,50272122000,3170417063,4
442,2011-05-21,25,27,29,36,38,40,41,51219943000,1413413042,9
443,2011-05-28,4,6,10,19,20,44,14,51236072000,1327597584,9
444,2011-06-04,11,13,23,35,43,45,17,50673529000,4154188625,3
445,2011-06-11,13,20,21,30,39,45,32,50053080000,1791683036,7
446,2011-06-18,1,11,12,14,26,35,6,50595241000,4051247625,3
447,2011-06-25,2,7,8,9,17,33,34,49555042000,2657941125,4
448,2011-07-02,3,7,13,27,40,41,36,51341262000,4026212750,3
449,2011-07-09,3,10,20,26,35,43,36,50214272000,4059715250,3
450,2011-07-16,6,14,19,21,23,31,13,49732036000,1990391625,6
451,2011-07-23,12,15,20,24,30,38,29,49861167000,882138952,13
452,2011-07-30,8,10,18,30,32,34,27,48456758000,1276902000,9
453,2011-08-06,12,24,33,38,40,42,30,48055125000,2262732375,5
454,2011-08-13,13,25,27,34,38,41,10,48389211000,1609125590,7
455,2011-08-20,4,19,20,26,30,35,24,48769851000,1635711483,7
456,2011-08-27,1,7,12,18,23,27,44,49420681000,1598505054,7
457,2011-09-03,8,10,18,23,27,40,33,49679052000,1159902825,10
458,2011-09-10,4,9,10,32,36,40,18,53778256000,1608812625,8
459,2011-09-17,4,6,10,14,25,40,12,49890095000,1655842233,7
460,2011-09-24,8,11,28,30,43,45,41,51917635000,3180895782,4
461,2011-10-01,11,18,26,31,37,40,43,50624588000,1948674875,6
462,2011-10-08,3,20,24,32,37,45,4,49325555000,1483559297,8
463,2011-10-15,23,29,31,33,34,44,40,49205151000,0,0
464,2011-10-22,6,12,15,34,42,44,4,126772274000,3355721106,13
465,2011-10-29,1,8,11,13,22,38,31,57793294000,1923662893,7
466,2011-11-05,4,10,13,23,32,44,20,58314753000,1530313459,9
467,2011-11-12,2,12,14,17,24,40,39,57383906000,1435441084,9
468,2011-11-19,8,13,15,28,37,43,17,55598552000,1527197167,9
469,2011-11-26,4,21,22,34,37,38,33,53364940000,3330131250,4
470,2011-12-03,10,16,20,39,41,42,27,53912965000,4333330625,3
471,2011-12-10,6,13,29,37,39,41,43,53492340000,1939332858,7
472,2011-12-17,16,25,26,31,36,43,44,51929207000,1809656090,7
473,2011-12-24,8,13,20,22,23,36,34,52867236000,3250418063,4
474,2011-12-31,4,13,18,31,33,45,43,58978482000,936690800,15
475,2012-01-07,1,9,14,16,21,29,3,56043275000,1693923047,8
476,2012-01-14,9,12,13,15,37,38,27,55591819000,3439851469,4
477,2012-01-21,14,25,29,32,33,45,37,60801409000,1919011829,8
478,2012-01-28,18,29,30,37,39,43,8,54975901000,987224759,14
479,2012-02-04,8,23,25,27,35,44,24,54848834000,2233046500,6
480,2012-02-11,3,5,10,17,30,31,16,55415681000,2996742282,4
481,2012-02-18,3,4,23,29,40,41,20,55642616000,4639355750,3
482,2012-02-25,1,10,16,24,25,35,43,56201452000,1897921179,7
483,2012-03-03,12,15,19,22,28,34,5,55582659000,2567196675,5
484,2012-03-10,1,3,27,28,32,45,11,55885979000,2305303063,6
485,2012-03-17,17,22,26,27,36,39,20,55692878000,1501474917,9
486,2012-03-24,1,2,23,25,38,40,43,54540823000,1008634125,13
487,2012-03-31,4,8,25,27,37,41,21,55276503000,1638830766,8
488,2012-04-07,2,8,17,30,31,38,25,54213092000,1330393575,10
489,2012-04-14,2,4,8,15,20,27,11,53558490000,2106360625,6
490,2012-04-21,2,7,26,29,40,43,42,52590121000,1860234161,7
491,2012-04-28,8,17,35,36,39,42,4,53413874000,3304634438,4
492,2012-05-05,22,27,31,35,37,40,42,51693454000,2493013800,5
493,2012-05-12,20,22,26,33,36,37,25,53231838000,1451120334,9
494,2012-05-19,5,7,8,15,30,43,22,53321589000,1054588407,12
495,2012-05-26,4,13,22,27,34,44,6,53645960000,2111645000,6
496,2012-06-02,4,13,20,29,36,41,39,52915804000,3285932250,4
497,2012-06-09,19,20,23,24,43,44,13,52411585000,2222817813,6
498,2012-06-16,13,14,24,32,39,41,3,52851253000,3244503094,4
499,2012-06-23,5,20,23,27,35,40,43,52767632000,4070480250,3
500,2012-06-30,3,4,12,20,24,34,41,54012267000,1351072375,9
501,2012-07-07,1,4,10,17,31,42,2,52717711000,3025200094,4
502,2012-07-14,6,22,28,32,34,40,26,54000640000,2201458125,6
503,2012-07-21,1,5,27,30,34,36,40,53572205000,1853634911,7
504,2012-07-28,6,14,22,26,43,44,31,51787037000,1443236959,9
505,2012-08-04,7,20,22,25,38,40,44,49103223000,1917955188,6
506,2012-08-11,6,9,11,22,24,30,31,52363311000,4073333875,3
507,2012-08-18,12,13,32,33,40,41,4,53638773000,1416438875,9
508,2012-08-25,5,27,31,34,35,43,37,54010391000,1599557860,8
509,2012-09-01,12,25,29,35,42,43,24,53390358000,2689076100,5
510,2012-09-08,12,29,32,33,39,40,42,53964992000,2644158150,5
511,2012-09-15,3,7,14,23,26,42,24,53970308000,2165579250,6
512,2012-09-22,4,5,9,13,26,27,1,54017801000,940094452,13
513,2012-09-29,5,8,21,23,27,33,12,58317548000,4589624750,3
514,2012-10-06,1,15,20,26,35,42,9,54452404000,4451055500,3
515,2012-10-13,2,11,12,15,23,37,8,55258935000,13200466875,1
516,2012-10-20,2,8,23,41,43,44,30,56385762000,1294190182,11
517,2012-10-27,1,9,12,28,36,41,10,54468223000,2659057725,5
518,2012-11-03,14,23,30,32,34,38,6,55321566000,2263804125,6
519,2012-11-10,6,8,13,16,30,43,3,55614206000,1950601393,7
520,2012-11-17,4,22,27,28,38,40,1,55003797000,2167205438,6
521,2012-11-24,3,7,18,29,32,36,19,56185373000,1693420922,8
522,2012-12-01,4,5,13,14,37,41,11,57053378000,2281623000,6
523,2012-12-08,1,4,37,38,40,45,7,53678449000,1780355840,7
524,2012-12-15,10,11,29,38,41,45,21,55662103000,3491695594,4
525,2012-12-22,11,23,26,29,39,44,22,55566007000,1501132375,9
526,2012-12-29,7,14,17,20,35,39,31,56527807000,1491031959,9
527,2013-01-05,1,12,22,32,33,42,38,56985634000,1032386366,13
528,2013-01-12,5,17,25,31,39,40,10,57548541000,1197889125,11
529,2013-01-19,18,20,24,27,31,42,39,57645779000,1749114797,8
530,2013-01-26,16,23,27,29,33,41,22,56241083000,1231656239,11
531,2013-02-02,1,5,9,21,27,35,45,57567064000,1521519750,9
532,2013-02-09,16,17,23,24,29,44,3,61687384000,2216896286,7
533,2013-02-16,9,14,15,17,31,33,23,59275357000,1785671579,8
534,2013-02-23,10,24,26,29,37,38,32,59227462000,14215763250,1
535,2013-03-02,11,12,14,15,18,39,34,60523884000,4935603000,3
536,2013-03-09,7,8,18,32,37,43,12,59763469000,1308523603,11
537,2013-03-16,12,23,26,30,36,43,11,59453323000,2104038911,7
538,2013-03-23,6,10,18,31,32,34,11,59233373000,4688021625,3
539,2013-03-30,3,19,22,31,42,43,26,59168870000,1621036667,9
540,2013-04-06,3,12,13,15,34,36,14,56739658000,1989365250,7
541,2013-04-13,8,13,26,28,32,34,43,57087047000,1269327171,11
542,2013-04-20,5,6,19,26,41,45,34,56949161000,2335152563,6
543,2013-04-27,13,18,26,31,34,44,12,56570245000,1112934844,12
544,2013-05-04,5,17,21,25,36,44,10,56056189000,1046388433,13
545,2013-05-11,4,24,25,27,34,35,2,55967171000,1198994353,11
546,2013-05-18,8,17,20,27,37,43,6,56713166000,405939950,30
547,2013-05-25,6,7,15,22,34,39,28,57968466000,2838444450,5
548,2013-06-01,1,12,13,21,32,45,14,57771827000,1736871891,8
549,2013-06-08,29,31,35,38,40,44,17,56864611000,1760805047,8
550,2013-06-15,1,7,14,20,34,37,41,56441770000,1118679205,11
551,2013-06-22,3,6,20,24,27,44,25,56989370000,13526973750,1
552,2013-06-29,1,10,20,32,35,40,43,57602386000,1330824225,10
553,2013-07-06,2,7,17,28,29,39,37,56487483000,2249631438,6
554,2013-07-13,13,14,17,32,41,42,6,56124466000,6813893625,2
555,2013-07-20,11,17,21,24,26,36,12,57273817000,1711027360,8
556,2013-07-27,12,20,23,28,30,44,43,57374791000,2005209161,7
557,2013-08-03,4,20,26,28,35,40,31,55086560000,1888069286,7
558,2013-08-10,12,15,19,26,40,43,29,54939001000,1315913663,10
559,2013-08-17,11,12,25,32,44,45,23,55733418000,1926145608,7
560,2013-08-24,1,4,20,23,29,45,28,56565298000,1976697215,7
561,2013-08-31,5,7,18,37,42,45,20,56638383000,2753712225,5
562,2013-09-07,4,11,13,17,20,31,33,56288212000,1166694614,11
563,2013-09-14,5,10,16,17,31,32,21,57320132000,1932735643,7
564,2013-09-21,14,19,25,26,27,34,2,58012468000,1934801143,7
565,2013-09-28,4,10,18,27,40,45,38,59556622000,1742064469,8
566,2013-10-05,4,5,6,25,26,43,41,57666611000,3508951032,4
567,2013-10-12,1,10,15,16,32,41,28,57439471000,2318659438,6
568,2013-10-19,1,3,17,20,31,44,40,57681628000,1305167550,10
569,2013-10-26,3,6,13,23,24,35,1,58441902000,3467925188,4
570,2013-11-02,1,12,26,27,29,33,42,57654279000,1527791625,9
571,2013-11-09,11,18,21,26,38,43,29,56493528000,1966538465,7
572,2013-11-16,3,13,18,33,37,45,1,56473602000,1668216188,8
573,2013-11-23,2,4,20,34,35,43,14,56092721000,1645691766,8
574,2013-11-30,14,15,16,19,25,43,2,55882933000,6965184938,2
575,2013-12-07,2,8,20,30,33,34,6,56330738000,1699267875,8
576,2013-12-14,10,11,15,25,35,41,13,54691148000,4321966000,3
577,2013-12-21,16,17,22,31,34,37,33,57010827000,4484438375,3
578,2013-12-28,5,12,14,32,34,42,16,58584741000,2796466575,5
579,2014-01-04,5,7,20,22,37,42,39,63532871000,1396068444,11
580,2014-01-11,5,7,9,11,32,35,33,60514216000,2028610500,7
581,2014-01-18,3,5,14,20,42,44,33,60257457000,1844554547,8
582,2014-01-25,2,12,14,33,40,41,25,59306953000,3560558719,4
583,2014-02-01,8,17,27,33,40,44,24,62675295000,1341848353,11
584,2014-02-08,7,18,30,39,40,41,36,61343856000,5033183250,3
585,2014-02-15,6,7,10,16,38,41,4,60253002000,1620546334,9
586,2014-02-22,2,7,12,15,21,34,5,59502096000,1778354344,8
587,2014-03-01,14,21,29,31,32,37,17,59715499000,4974577375,3
588,2014-03-08,2,8,15,22,25,41,30,59533101000,2889342075,5
589,2014-03-15,6,8,28,33,38,39,22,60643729000,2136877983,7
590,2014-03-22,20,30,36,38,41,45,23,60003131000,2185183983,7
591,2014-03-29,8,13,14,30,38,39,5,59373946000,2964676200,5
592,2014-04-05,2,5,6,13,28,44,43,58097477000,2356381688,6
593,2014-04-12,9,10,13,24,33,38,28,59368204000,1532833500,9
594,2014-04-19,2,8,13,25,28,37,3,57764442000,1255592796,11
595,2014-04-26,8,24,28,35,38,40,5,57797288000,1744525219,8
596,2014-05-03,3,4,12,14,25,43,17,56561071000,1328267663,10
597,2014-05-10,8,10,23,24,35,43,37,56832361000,1057920606,13
598,2014-05-17,4,12,24,33,38,45,22,57518550000,833998594,16
599,2014-05-24,5,12,17,29,34,35,27,57381791000,1710918329,8
600,2014-05-31,5,11,14,27,29,36,44,56372519000,901798725,15
601,2014-06-07,2,16,19,31,34,35,37,55868455000,1524565209,9
602,2014-06-14,13,14,22,27,30,38,2,56262855000,1689530860,8
603,2014-06-21,2,19,25,26,27,43,28,56276650000,3452136563,4
604,2014-06-28,2,6,18,21,33,34,30,56266399000,1229141557,11
605,2014-07-05,1,2,7,9,10,38,42,56622924000,1394232250,9
606,2014-07-12,1,5,6,14,20,39,22,56928896000,1311566850,10
607,2014-07-19,8,14,23,36,38,39,13,56806213000,3494480907,4
608,2014-07-26,4,8,18,19,39,44,41,56146117000,1943530018,7
609,2014-08-02,4,8,27,34,39,40,13,54858201000,6339311438,2
610,2014-08-09,14,18,20,23,28,36,33,56862756000,3516018375,4
611,2014-08-16,2,22,27,33,36,37,14,57411079000,3502706157,4
612,2014-08-23,6,9,18,19,25,33,40,56931314000,1181705250,11
613,2014-08-30,7,8,11,16,41,44,35,57986249000,1549831209,9
614,2014-09-06,8,21,25,39,40,44,18,62301977000,2540975438,6
615,2014-09-13,10,17,18,19,23,27,35,59072378000,1535062417,9
616,2014-09-20,5,13,18,23,40,45,3,60303360000,1611811250,9
617,2014-09-27,4,5,11,12,24,27,28,58958123000,1629701860,8
618,2014-10-04,8,16,25,30,42,43,15,58550803000,2881326225,5
619,2014-10-11,6,8,13,30,35,40,21,58822925000,4612479375,3
620,2014-10-18,2,16,17,32,39,45,40,58342777000,2028283233,7
621,2014-10-25,1,2,6,16,19,42,9,59407216000,2359723500,6
622,2014-11-01,9,15,16,21,28,34,24,59601329000,1630598292,9
623,2014-11-08,7,13,30,39,41,45,25,58504142000,1813702594,8
624,2014-11-15,1,7,19,26,27,35,16,57832726000,2763729450,5
625,2014-11-22,3,6,7,20,21,39,13,58614979000,2765184675,5
626,2014-11-29,13,14,26,33,40,43,15,58986187000,1717871110,8
627,2014-12-06,2,9,22,25,31,45,12,55981334000,1352230650,10
628,2014-12-13,1,7,12,15,23,42,11,57253109000,1499942875,9
629,2014-12-20,19,28,31,38,43,44,1,57618701000,2919433575,5
630,2014-12-27,8,17,21,24,27,31,15,61335894000,4836305500,3
631,2015-01-03,1,2,4,23,31,34,8,65300621000,3919853532,4
632,2015-01-10,15,18,21,32,35,44,6,63066603000,1432587716,11
633,2015-01-17,9,12,19,20,39,41,13,62015797000,1217257094,12
634,2015-01-24,4,10,11,12,20,27,38,63149567000,1077935106,13
635,2015-01-31,11,13,25,26,29,33,32,62429621000,1855587235,8
636,2015-02-07,6,7,15,16,20,31,26,62786394000,1832362219,8
637,2015-02-14,3,16,22,37,38,44,23,63504865000,3899241094,4
638,2015-02-21,7,18,22,24,31,34,6,64319586000,2229403179,7
639,2015-02-28,6,15,22,23,25,32,40,66202599000,4061185219,4
640,2015-03-07,14,15,18,21,26,35,23,64080502000,1728768834,9
641,2015-03-14,11,18,21,36,37,43,12,63773134000,1990074563,8
642,2015-03-21,8,17,18,24,39,45,32,63544224000,1251460438,12
643,2015-03-28,15,24,31,32,33,40,13,63110068000,2535763625,6
644,2015-04-04,5,13,17,23,28,36,8,61846599000,1831451204,8
645,2015-04-11,1,4,16,26,40,41,31,62661756000,3696297750,4
646,2015-04-18,2,9,24,41,43,45,30,62308090000,2215498393,7
647,2015-04-25,5,16,21,23,24,30,29,62314338000,2189725608,7
648,2015-05-02,13,19,28,37,38,43,4,60874405000,2120987947,7
649,2015-05-09,3,21,22,33,41,42,20,60473178000,2948042100,5
650,2015-05-16,3,4,7,11,31,41,35,60991082000,2849298900,5
651,2015-05-23,11,12,16,26,29,44,18,61494891000,1855306454,8
652,2015-05-30,3,13,15,40,41,44,20,60426977000,3003483525,5
653,2015-06-06,5,6,26,27,38,39,1,59716037000,980958670,14
654,2015-06-13,16,21,26,31,36,43,6,60697813000,1879301391,8
655,2015-06-20,7,37,38,39,40,44,18,60434801000,1661439625,9
656,2015-06-27,3,7,14,16,31,40,39,61328118000,7330002750,2
657,2015-07-04,10,14,19,39,40,43,23,61769837000,1694762792,9
658,2015-07-11,8,19,25,28,32,36,37,61131243000,1634031375,9
659,2015-07-18,7,18,19,27,29,42,45,61677747000,1336604216,11
660,2015-07-25,4,9,23,33,39,44,14,60813322000,1421272575,10
661,2015-08-01,2,3,12,20,27,38,40,59597375000,1713025547,8
662,2015-08-08,5,6,9,11,15,37,26,59164542000,1689733688,8
663,2015-08-15,3,5,8,19,38,42,20,61100704000,2080244143,7
664,2015-08-22,10,20,33,36,41,44,5,61921689000,1536801338,10
665,2015-08-29,5,6,11,17,38,44,13,61885874000,3643230375,4
666,2015-09-05,2,4,6,11,17,28,16,62652917000,2396901063,6
667,2015-09-12,15,17,25,37,42,43,13,63421632000,2228764393,7
668,2015-09-19,12,14,15,24,27,32,3,63346405000,2991158625,5
669,2015-09-26,7,8,20,29,33,38,9,67952211000,2708173188,6
670,2015-10-03,11,18,26,27,40,41,25,62242687000,1191725219,12
671,2015-10-10,7,9,10,13,31,35,24,63940807000,3722322844,4
672,2015-10-17,8,21,28,31,36,45,43,63542330000,1754745000,9
673,2015-10-24,7,10,17,29,33,44,5,63163578000,1491453300,10
674,2015-10-31,9,10,14,25,27,31,11,61386974000,1770565500,8
675,2015-11-07,1,8,11,15,18,45,7,60458623000,3514549032,4
676,2015-11-14,1,8,17,34,39,45,27,62147642000,1879726500,8
677,2015-11-21,12,15,24,36,41,44,42,62267624000,1921114407,8
678,2015-11-28,4,5,6,12,25,37,45,60887293000,2288490188,6
679,2015-12-05,3,5,7,14,26,34,35,62220918000,2863005600,5
680,2015-12-12,4,10,19,29,32,42,30,64245201000,1110570563,14
681,2015-12-19,21,24,27,29,43,44,7,63268253000,2696328938,6
682,2015-12-26,17,23,27,35,38,43,2,66757858000,4063713563,4
683,2016-01-02,6,13,20,27,28,40,15,71940091000,1010930883,16
684,2016-01-09,1,11,15,17,25,39,40,66623887000,1688815709,9
685,2016-01-16,6,7,12,28,38,40,18,69126675000,1494367671,11
686,2016-01-23,7,12,15,24,25,43,13,65274010000,1937531719,8
687,2016-01-30,1,8,10,13,28,42,45,68044669000,2720029313,6
688,2016-02-06,5,15,22,23,34,35,2,73095612000,1967536750,9
689,2016-02-13,7,17,19,30,36,38,34,67460147000,2321775911,7
690,2016-02-20,24,25,33,34,38,39,43,69142025000,1126507625,15
691,2016-02-27,15,27,33,35,43,45,16,68590328000,2839296750,6
692,2016-03-05,3,11,14,15,32,36,44,66390499000,2301273697,7
693,2016-03-12,1,6,11,28,34,42,30,67352935000,1642763813,10
694,2016-03-19,7,15,20,25,33,43,12,67533257000,1555036388,10
695,2016-03-26,4,18,26,33,34,38,14,67672085000,1450214830,11
696,2016-04-02,1,7,16,18,34,38,21,67542971000,1632054413,10
697,2016-04-09,2,5,8,11,33,39,31,66966141000,1531443038,10
698,2016-04-16,3,11,13,21,33,37,18,66283268000,1921084125,8
699,2016-04-23,4,5,8,16,21,29,3,66743146000,1995411375,8
700,2016-04-30,11,23,28,29,30,44,13,66846276000,2082099188,8
701,2016-05-07,3,10,14,16,36,38,35,64454138000,1583183175,10
702,2016-05-14,3,13,16,24,26,29,9,66219854000,1465091387,11
703,2016-05-21,10,28,31,33,41,44,21,65728988000,3235784100,5
704,2016-05-28,1,4,8,23,33,42,45,65930117000,3865190344,4
705,2016-06-04,1,6,17,22,28,45,23,65859843000,3987206532,4
706,2016-06-11,3,4,6,10,28,30,37,65723488000,3831746063,4
707,2016-06-18,2,12,19,24,39,44,35,66813924000,1322167313,12
708,2016-06-25,2,10,16,19,34,45,1,66806307000,4099552219,4
709,2016-07-02,10,18,30,36,39,44,32,65592504000,1165271625,14
710,2016-07-09,3,4,9,24,25,33,10,65083972000,2895441150,5
711,2016-07-16,11,15,24,35,37,45,42,66152746000,2277413358,7
712,2016-07-23,17,20,30,31,33,45,19,66136318000,4034485125,4
713,2016-07-30,2,5,15,18,19,23,44,64646552000,1714720917,9
714,2016-08-06,1,7,22,33,37,40,20,64099989000,2085131733,7
715,2016-08-13,2,7,27,33,41,44,10,65794607000,2605510438,6
716,2016-08-20,2,6,13,16,29,30,21,67040169000,1358752157,12
717,2016-08-27,2,11,19,25,28,32,44,68597839000,2702433688,6
718,2016-09-03,4,11,20,23,32,39,40,69400763000,926166464,17
719,2016-09-10,4,8,13,19,20,43,26,71378392000,1879581334,9
720,2016-09-17,1,12,29,34,36,37,41,69939090000,1233770358,14
721,2016-09-24,1,28,35,41,43,44,31,71627567000,2273767360,8
722,2016-10-01,12,14,21,30,39,43,45,69446489000,4365422719,4
723,2016-10-08,20,30,33,35,36,44,22,67750231000,2114365360,8
724,2016-10-15,2,8,33,35,37,41,14,69987274000,1427789813,12
725,2016-10-22,6,7,19,21,41,43,38,70208676000,1579217250,11
726,2016-10-29,1,11,21,23,34,44,24,68799295000,1166872634,14
727,2016-11-05,7,8,10,19,21,31,20,67559139000,1115107742,14
728,2016-11-12,3,6,10,30,34,37,36,68306112000,3243464400,5
729,2016-11-19,11,17,21,26,36,45,16,68784161000,4198250719,4
730,2016-11-26,4,10,14,15,18,22,39,66934105000,2017382110,8
731,2016-12-03,2,7,13,25,42,45,39,69239673000,2340471054,7
732,2016-12-10,2,4,5,17,27,32,43,68645948000,2203270608,7
733,2016-12-17,11,24,32,33,35,40,13,69321488000,4016725125,4
734,2016-12-24,6,16,37,38,41,45,18,71457582000,1949395500,9
735,2016-12-31,5,10,13,27,37,41,4,77488209000,1847231588,10
736,2017-01-07,2,11,17,18,21,27,6,73510203000,3397362225,5
737,2017-01-14,13,15,18,24,27,41,11,70775944000,4283061000,4
738,2017-01-21,23,27,28,38,42,43,36,71768122000,1634191091,11
739,2017-01-28,7,22,29,33,34,35,30,77999661000,4744122282,4
740,2017-02-04,4,8,9,16,17,19,31,75186520000,936929792,18
741,2017-02-11,5,21,27,34,44,45,16,74392585000,3043595938,6
742,2017-02-18,8,10,13,36,37,40,6,73857792000,1111814813,16
743,2017-02-25,15,19,21,34,41,44,10,73436852000,2608641000,7
744,2017-03-04,10,15,18,21,34,41,43,73507293000,1155411575,15
745,2017-03-11,1,2,3,9,12,23,10,73575119000,746822982,20
746,2017-03-18,3,12,33,36,42,45,25,74239579000,2038623709,9
747,2017-03-25,7,9,12,14,23,28,17,73337880000,1903214584,9
748,2017-04-01,3,10,13,22,31,32,29,72750277000,1928246542,9
749,2017-04-08,12,14,24,26,34,45,41,72252889000,1350104395,13
750,2017-04-15,1,2,15,19,24,36,12,72248100000,2522104286,7
751,2017-04-22,3,4,16,20,28,44,17,71534233000,2097968110,8
752,2017-04-29,4,16,20,33,40,43,7,71600822000,1870358834,9
753,2017-05-06,2,17,19,24,37,41,3,68915001000,2711105063,6
754,2017-05-13,2,8,17,24,29,31,32,70765850000,3427542000,5
755,2017-05-20,13,14,26,28,30,36,37,71300635000,2214427266,8
756,2017-05-27,10,14,16,18,27,28,4,70992946000,3414434700,5
757,2017-06-03,6,7,11,17,33,44,1,71053002000,739839858,21
758,2017-06-10,5,9,12,30,39,43,24,71764259000,2078969954,8
759,2017-06-17,9,33,36,40,42,43,32,72632208000,3032670500,6
760,2017-06-24,10,22,27,31,42,43,12,72200797000,2253299391,8
761,2017-07-01,4,7,11,24,42,45,30,71415903000,2392730518,7
762,2017-07-08,1,3,12,21,26,41,16,70558895000,1631432063,10
763,2017-07-15,3,8,16,32,34,43,10,70652100000,2138130000,8
764,2017-07-22,7,22,24,31,34,36,15,70318932000,2459975465,7
765,2017-07-29,1,3,8,12,42,43,33,70972360000,1109214250,15
766,2017-08-05,9,30,34,35,39,41,21,69500769000,2173637297,8
767,2017-08-12,5,15,20,31,34,42,22,71285599000,1163768725,15
768,2017-08-19,7,27,29,30,38,44,4,72306975000,1363572260,13
769,2017-08-26,5,7,11,16,41,45,4,72873431000,1930760042,9
770,2017-09-02,1,9,12,23,39,43,34,74166379000,2163099329,8
771,2017-09-09,6,10,17,18,21,29,30,73545939000,4362644907,4
772,2017-09-16,5,6,11,14,21,41,32,74375369000,1769608838,10
773,2017-09-23,8,12,19,21,31,35,44,74560597000,1609403080,11
774,2017-09-30,12,15,18,28,34,42,9,77347021000,1709721512,11
775,2017-10-07,11,12,29,33,38,42,17,70795452000,3470437650,5
776,2017-10-14,8,9,18,21,28,40,20,74826082000,2557579393,7
777,2017-10-21,6,12,17,21,34,37,18,75534360000,833468036,21
778,2017-10-28,6,21,35,36,37,41,11,75075606000,6264069500,3
779,2017-11-04,6,12,19,24,34,41,4,73773676000,1527709296,11
780,2017-11-11,15,17,19,21,27,45,16,74232084000,1667520137,11
781,2017-11-18,11,16,18,19,24,39,43,72483157000,1882891542,9
782,2017-11-25,6,18,31,34,38,45,20,72253973000,1946487625,9
783,2017-12-02,14,15,16,17,38,45,36,73525256000,4603964625,4
784,2017-12-09,3,10,23,24,31,39,22,74311382000,1908678000,9
785,2017-12-16,4,6,15,25,26,33,40,72974563000,2886622688,6
786,2017-12-23,12,15,16,20,24,30,38,75930156000,4551365250,4
787,2017-12-30,5,6,13,16,27,28,9,79593923000,3092108313,6
788,2018-01-06,2,10,11,19,35,39,29,78121882000,1401475154,13
789,2018-01-13,2,6,7,12,19,45,38,76136603000,1140976825,15
790,2018-01-20,3,8,19,27,30,41,12,78978881000,1160516274,16
791,2018-01-27,2,10,12,31,33,42,32,74205844000,1253081893,14
792,2018-02-03,2,7,19,25,29,36,16,76339003000,2655736768,7
793,2018-02-10,10,15,21,35,38,43,31,76177477000,3750146775,5
794,2018-02-17,6,7,18,19,30,38,13,79941579000,2650940304,7
795,2018-02-24,3,10,13,26,34,38,36,79661342000,1714977000,11
796,2018-03-03,1,21,26,36,40,41,5,77685943000,2763490340,7
797,2018-03-10,5,22,31,32,39,45,36,77339940000,2397028125,8
798,2018-03-17,2,10,14,22,32,36,41,77038759000,2710791911,7
799,2018-03-24,12,17,23,34,42,45,33,76708986000,1826427225,10
800,2018-03-31,1,4,10,12,28,45,26,76994062000,1632246205,11
801,2018-04-07,17,25,28,37,43,44,2,74034792000,2256786657,8
802,2018-04-14,10,11,12,18,24,42,27,75146781000,1082947993,16
803,2018-04-21,5,9,14,26,30,43,2,75670793000,3663810225,5
804,2018-04-28,1,10,13,26,32,36,9,74557028000,1631996523,11
805,2018-05-05,3,12,13,18,31,32,42,73065981000,4266061969,4
806,2018-05-12,14,20,23,31,37,38,27,74030583000,2640760875,7
807,2018-05-19,6,10,18,25,34,35,33,73831580000,2437662322,7
808,2018-05-26,15,21,31,32,41,43,24,74911438000,3087620500,6
809,2018-06-02,6,11,15,17,23,40,39,74214104000,2921372750,6
810,2018-06-09,5,10,13,21,39,43,11,74388355000,2231598047,8
811,2018-06-16,8,11,19,21,36,45,25,74570813000,2524148197,7
812,2018-06-23,1,3,12,14,16,43,10,74147816000,2947954750,6
813,2018-06-30,11,30,34,35,42,44,27,73394947000,4591763157,4
814,2018-07-07,2,21,28,38,42,45,30,74316543000,3067192063,6
815,2018-07-14,17,21,25,26,27,36,4,73416400000,2579855358,7
816,2018-07-21,12,18,19,29,31,39,7,72397826000,2128107938,8
817,2018-07-28,3,9,12,13,25,43,34,72552766000,1868477334,9
818,2018-08-04,14,15,25,28,29,30,3,71793353000,1380804318,13
819,2018-08-11,16,25,33,38,40,45,15,74578907000,2594534840,7
820,2018-08-18,10,21,22,30,35,42,6,75744571000,4627313532,4
821,2018-08-25,1,12,13,24,29,44,16,76118239000,1316155956,14
822,2018-09-01,9,18,20,24,27,36,12,75681739000,5930898625,3
823,2018-09-08,12,18,24,26,39,40,15,77400124000,2009843917,9
824,2018-09-15,7,9,24,29,34,38,26,78257422000,1256646550,15
825,2018-09-22,8,15,21,31,33,38,42,82890578000,1658710563,12
826,2018-09-29,13,16,24,25,33,36,42,78218740000,2075192084,9
827,2018-10-06,5,11,12,29,33,44,14,76490125000,1206500375,15
828,2018-10-13,4,7,13,29,31,39,18,77552827000,1455185972,13
829,2018-10-20,4,5,31,35,43,45,29,77998807000,2444650641,8
830,2018-10-27,5,6,16,18,37,38,17,77714000000,2060528750,9
831,2018-11-03,3,10,16,19,31,39,9,77622753000,1110702258,16
832,2018-11-10,13,14,19,26,40,43,30,77411900000,2088204584,9
833,2018-11-17,12,18,30,39,41,42,19,77738402000,2356317282,8
834,2018-11-24,6,8,18,35,42,43,3,75941791000,1690693671,11
835,2018-12-01,9,10,13,28,38,45,35,77694435000,1233681125,15
836,2018-12-08,1,9,11,14,26,28,19,74536697000,1257843670,14
837,2018-12-15,2,25,28,30,33,45,6,76614176000,3144449125,6
838,2018-12-22,9,14,17,33,36,38,20,79414484000,3813733050,5
839,2018-12-29,3,9,11,12,13,19,35,79219710000,1359454904,13
840,2019-01-05,2,4,11,28,29,43,27,84057771000,2042961788,10
841,2019-01-12,5,11,14,30,33,38,24,81580789000,1116095714,17
842,2019-01-19,14,26,32,36,39,42,38,81957444000,2035475025,10
843,2019-01-26,19,21,30,33,34,42,4,81857498000,4012970100,5
844,2019-02-02,7,8,13,15,33,45,18,87805610000,1162963542,18
845,2019-02-09,1,16,29,33,40,45,6,83884034000,1891217182,11
846,2019-02-16,5,18,30,41,43,45,13,83936839000,1596884395,13
847,2019-02-23,12,16,26,28,30,42,22,83782512000,2520846657,8
848,2019-03-02,1,2,16,22,38,39,34,84523266000,3011580858,7
849,2019-03-09,5,13,17,29,34,39,3,82333674000,1158252883,17
850,2019-03-16,16,20,24,28,36,39,5,81474176000,3377587875,6
851,2019-03-23,14,18,22,26,31,44,40,81099116000,2483692313,8
852,2019-03-30,11,17,28,30,33,35,9,81470793000,4801543407,4
853,2019-04-06,2,8,23,26,27,44,13,82244370000,2885006786,7
854,2019-04-13,20,25,31,32,36,43,3,81823338000,3421706750,6
855,2019-04-20,8,15,17,19,43,44,7,82374732000,2269510500,9
856,2019-04-27,10,24,40,41,43,44,17,80496424000,3977927550,5
857,2019-05-04,6,10,16,28,34,38,43,80933117000,1284915425,15
858,2019-05-11,9,13,32,38,39,43,23,81366889000,2202347459,9
859,2019-05-18,8,22,35,38,39,41,24,80944223000,1853927489,11
860,2019-05-25,4,8,18,25,27,32,42,81846672000,1879899825,10
861,2019-06-01,11,17,19,21,22,25,24,81032551000,4872108844,4
862,2019-06-08,10,34,38,40,42,43,32,80609005000,2190922709,9
863,2019-06-15,16,21,28,35,39,43,12,81288540000,2853357322,7
864,2019-06-22,3,7,10,13,25,36,32,82220290000,1716553637,11
865,2019-06-29,3,15,22,32,33,45,2,81748217000,1551729145,13
866,2019-07-06,9,15,29,34,37,39,12,81961886000,2240409000,9
867,2019-07-13,14,17,19,22,24,40,41,81607190000,3933755250,5
868,2019-07-20,12,17,28,41,43,44,25,80549078000,3233804250,6
869,2019-07-27,2,6,20,27,37,39,4,80268389000,1922582588,10
870,2019-08-03,21,25,30,32,40,42,31,78688663000,1928842988,10
871,2019-08-10,2,6,12,26,30,34,38,79527502000,2718071358,7
872,2019-08-17,2,4,30,32,33,43,29,81002518000,1262705579,16
873,2019-08-24,3,5,12,13,33,39,38,82375586000,1874553225,10
874,2019-08-31,1,15,19,23,28,42,32,82990138000,1117123917,18
875,2019-09-07,19,22,30,34,39,44,36,80635281000,1415946724,14
876,2019-09-14,5,16,21,26,34,42,24,85088368000,1090657856,19
877,2019-09-21,5,17,18,22,23,43,12,84584730000,1716607188,12
878,2019-09-28,2,6,11,16,25,31,3,84183676000,3207993500,6
879,2019-10-05,1,4,10,14,15,35,20,83174251000,3206361313,6
880,2019-10-12,7,17,19,23,24,45,38,83862502000,2837810465,7
881,2019-10-19,4,18,20,26,27,32,9,84495552000,2503212282,8
882,2019-10-26,18,34,39,43,44,45,23,84351602000,4127270400,5
883,2019-11-02,9,18,32,33,37,44,22,85624171000,1360519525,15
884,2019-11-09,4,14,23,28,37,45,17,86554613000,1799077282,12
885,2019-11-16,1,3,24,27,39,45,31,83396319000,1543832568,13
886,2019-11-23,19,23,28,37,42,45,2,84186094000,2974643786,7
887,2019-11-30,8,14,17,27,36,45,10,84416872000,2535268688,8
888,2019-12-07,3,7,12,31,34,38,32,82777313000,2370359204,8
889,2019-12-14,3,13,29,38,39,42,26,86734222000,2108986950,10
890,2019-12-21,1,4,14,18,29,37,6,86693498000,2335486167,9
891,2019-12-28,9,13,28,31,39,41,19,89742677000,3082673947,7
892,2020-01-04,4,9,17,18,26,42,36,93091115000,1282017464,17
893,2020-01-11,1,15,17,23,25,41,10,87661567000,2377433625,9
894,2020-01-18,19,32,37,40,41,43,45,88465183000,2377935959,9
895,2020-01-25,16,26,31,38,39,41,23,96962255000,1928079219,12
896,2020-02-01,5,12,25,26,38,45,23,90461998000,3053222036,7
897,2020-02-08,6,7,12,22,26,36,29,88231474000,1619922520,13
898,2020-02-15,18,21,28,35,37,42,17,90067839000,2639313235,8
899,2020-02-22,8,19,20,21,33,39,37,85877347000,3359356063,6
900,2020-02-29,7,13,16,18,35,38,14,83639372000,3349851375,6
901,2020-03-07,5,18,20,23,30,34,21,84783962000,2267974667,9
902,2020-03-14,7,19,23,24,36,39,30,87501981000,1619317529,13
903,2020-03-21,2,15,16,21,22,28,45,88625160000,1684582212,13
904,2020-03-28,2,6,8,26,43,45,11,88938220000,2718077813,8
905,2020-04-04,3,4,16,27,38,40,20,90357634000,3017862536,7
906,2020-04-11,2,5,14,28,31,32,20,90948274000,2472607250,9
907,2020-04-18,21,27,29,38,40,44,37,89331282000,3165059036,7
908,2020-04-25,3,16,21,22,23,44,30,89923601000,2834856141,8
909,2020-05-02,7,24,29,30,34,35,33,89543261000,2021062875,11
910,2020-05-09,1,11,17,27,35,39,31,86308857000,941316375,21
911,2020-05-16,4,5,12,14,32,42,35,89332410000,2113538625,10
912,2020-05-23,5,8,18,21,22,38,10,88599155000,1493500581,14
913,2020-05-30,6,14,16,21,27,37,40,89336949000,1338755602,16
914,2020-06-06,16,19,24,33,42,44,27,89558503000,1950005557,11
915,2020-06-13,2,6,11,13,22,37,14,87862418000,3518640500,6
916,2020-06-20,6,21,22,32,35,36,17,89133044000,2025384341,11
917,2020-06-27,1,3,23,24,27,43,34,88950867000,2144799638,10
918,2020-07-04,7,11,12,31,33,38,5,89200857000,1117622646,18
919,2020-07-11,9,14,17,18,42,44,35,90218056000,4305150450,5
920,2020-07-18,2,3,26,33,34,43,29,89805177000,3120260197,7
921,2020-07-25,5,7,12,22,28,41,1,89888341000,1232573405,17
922,2020-08-01,2,6,13,17,27,43,36,89266682000,3417904500,6
923,2020-08-08,3,17,18,23,36,41,26,87867402000,2667554625,8
924,2020-08-15,3,11,34,42,43,44,13,87708256000,2382430667,9
925,2020-08-22,13,24,32,34,39,42,4,87901067000,1771080532,12
926,2020-08-29,10,16,18,20,25,31,6,88372251000,2032490663,10
927,2020-09-05,4,15,22,38,41,43,26,91067752000,3714203875,6
928,2020-09-12,3,4,10,20,28,44,30,90818982000,3134591358,7
929,2020-09-19,7,9,12,15,19,23,4,92344620000,1308035157,16
930,2020-09-26,8,21,25,38,39,44,28,94518415000,2832418829,8
931,2020-10-03,14,15,23,25,35,43,32,95695802000,2957108063,8
932,2020-10-10,1,6,15,36,37,38,5,96049289000,3390022983,7
933,2020-10-17,23,27,29,31,36,45,37,93484851000,2927797079,8
934,2020-10-24,1,3,30,33,36,39,12,93028347000,5765772844,4
935,2020-10-31,4,10,20,32,38,44,18,93934898000,1711055424,13
936,2020-11-07,7,11,13,17,18,29,43,92246146000,1492069179,14
937,2020-11-14,2,10,13,22,29,40,26,93720454000,2058420819,11
938,2020-11-21,4,8,10,16,31,36,9,93452425000,2249466563,10
939,2020-11-28,4,11,28,39,42,45,6,93340002000,1708363039,13
940,2020-12-05,3,15,20,22,24,41,11,93920183000,2846071079,8
941,2020-12-12,12,14,25,27,39,40,35,94867600000,1347297422,16
942,2020-12-19,10,12,18,35,42,43,39,92731965000,3761680313,6
943,2020-12-26,1,8,13,36,44,45,39,100081432000,3435045108,7
944,2021-01-02,2,13,16,19,32,33,42,107181377000,1961836356,13
945,2021-01-09,9,10,15,30,33,37,26,94837109000,1765554491,13
946,2021-01-16,9,18,19,30,34,40,20,99380178000,2157656182,11
947,2021-01-23,3,8,17,20,27,35,26,99449916000,1275855750,18
948,2021-01-30,13,18,30,31,38,41,5,100519459000,2188548716,11
949,2021-02-06,14,21,35,36,40,44,30,100518909000,2458569713,10
950,2021-02-13,3,4,15,22,28,40,10,108870714000,3281920500,8
951,2021-02-20,2,12,30,31,39,43,38,102937006000,1747552661,14
952,2021-02-27,4,12,22,24,33,41,38,102355646000,2713699834,9
953,2021-03-06,7,9,22,27,37,42,34,99180891000,1640636009,14
954,2021-03-13,1,9,26,28,30,41,32,101455314000,2478795900,10
955,2021-03-20,4,9,23,26,29,33,8,99784736000,2023170188,12
956,2021-03-27,10,11,20,21,25,41,40,97065255000,2022982671,11
957,2021-04-03,4,15,24,35,36,40,1,96654698000,2126634137,11
958,2021-04-10,2,9,10,16,35,37,1,98635947000,1596119675,15
959,2021-04-17,1,14,15,24,40,41,35,97435835000,3015312891,8
960,2021-04-24,2,18,24,30,32,45,14,98784879000,2401133213,10
961,2021-05-01,11,20,29,31,33,42,43,97153309000,2575231209,9
962,2021-05-08,1,18,28,31,34,43,40,95956365000,1940906094,12
963,2021-05-15,6,12,19,23,34,42,35,95452215000,1476478125,15
964,2021-05-22,6,21,36,38,39,43,30,95549895000,2345861063,10
965,2021-05-29,2,13,25,28,29,36,34,96174650000,3403348929,7
966,2021-06-05,1,21,25,29,34,37,36,95640447000,2411303513,10
967,2021-06-12,1,6,13,37,38,40,9,94515565000,5809776094,4
968,2021-06-19,2,5,12,14,24,39,33,95924229000,1667729683,13
969,2021-06-26,3,9,10,29,40,45,7,96728751000,1149427894,20
970,2021-07-03,9,11,16,21,28,36,5,93268371000,1611544045,14
971,2021-07-10,2,6,17,18,21,26,7,94471924000,3725880250,6
972,2021-07-17,3,6,17,23,37,39,26,93916813000,1124886244,20
973,2021-07-24,22,26,31,37,41,42,24,93953872000,2912742750,8
974,2021-07-31,1,2,11,16,39,44,32,94146055000,1317034523,17
975,2021-08-07,7,8,9,17,22,24,5,94253719000,2440410375,9
976,2021-08-14,4,12,14,25,35,37,2,97492178000,3243867215,7
977,2021-08-21,2,9,10,14,22,44,16,95895844000,1669905911,14
978,2021-08-28,1,7,15,32,34,42,8,98855197000,2373391388,10
979,2021-09-04,7,11,16,21,27,33,24,99507886000,1606400518,14
980,2021-09-11,3,13,16,23,24,35,14,99593380000,3409443215,7
981,2021-09-18,27,36,37,41,43,45,32,105645424000,1992863193,13
982,2021-09-25,5,7,13,20,21,44,33,101344251000,3023630672,8
983,2021-10-02,13,23,26,31,35,43,15,101899006000,2503422225,10
984,2021-10-09,3,10,23,35,36,37,18,98762367000,3453006268,7
985,2021-10-16,17,21,23,30,34,44,19,98811446000,2434752975,10
986,2021-10-23,7,10,16,28,41,42,40,99041240000,2375275125,10
987,2021-10-30,2,4,15,23,29,38,7,100269530000,2378711625,10
988,2021-11-06,2,13,20,30,31,41,27,98606195000,2678489375,9
989,2021-11-13,17,18,21,27,29,33,26,96525658000,5826768563,4
990,2021-11-20,2,4,25,26,36,37,28,99567047000,1740095277,14
991,2021-11-27,13,18,25,31,33,44,38,98026282000,2904166032,8
992,2021-12-04,12,20,26,33,44,45,24,97066498000,1986955563,12
993,2021-12-11,6,14,16,18,24,42,44,99323653000,3991197063,6
994,2021-12-18,1,3,8,24,27,35,28,95530936000,1861582063,12
995,2021-12-25,1,4,13,29,38,39,7,100878455000,3447271875,7
996,2022-01-01,6,11,15,24,32,39,28,112624327000,1491185771,18
997,2022-01-08,4,7,14,16,24,44,20,102431961000,1253749560,19
998,2022-01-15,13,17,18,20,42,45,41,101681869000,2076499657,12
999,2022-01-22,1,3,9,14,18,28,34,102581351000,1513274790,16
1000,2022-01-29,2,8,19,22,32,42,39,118628811000,1246819620,22
1001,2022-02-05,6,10,12,14,20,42,15,103967487000,2077279594,12
1002,2022-02-12,17,25,33,35,38,45,15,105795484000,3088449563,8
1003,2022-02-19,1,4,29,39,43,45,31,103479378000,1811116822,14
1004,2022-02-26,7,15,30,37,39,44,18,106112471000,2576251913,10
1005,2022-03-05,8,13,18,24,27,29,17,103755249000,2061199344,12
1006,2022-03-12,8,11,15,16,17,37,36,104542431000,2855602125,9
1007,2022-03-19,8,11,16,19,21,25,40,101530003000,2718786375,9
1008,2022-03-26,9,11,30,31,41,44,33,103727042000,2267377910,11
1009,2022-04-02,15,23,29,34,40,44,20,103771363000,1702462825,15
1010,2022-04-09,9,12,15,25,34,36,3,103011505000,3119380079,8
1011,2022-04-16,1,9,12,26,35,38,42,101799373000,2220348512,11
1012,2022-04-23,5,11,18,20,35,45,3,101948323000,1861944318,13
1013,2022-04-30,21,22,26,34,36,41,32,101747653000,5047570725,5
1014,2022-05-07,3,11,14,18,26,27,21,102396369000,2410449338,10
1015,2022-05-14,14,23,31,33,37,40,44,102562683000,3051105610,8
1016,2022-05-21,15,26,28,34,41,42,44,101583153000,2260660671,11
1017,2022-05-28,12,18,22,23,30,34,32,101382790000,3517684822,7
1018,2022-06-04,3,19,21,25,37,45,35,101151805000,12361744688,2
1019,2022-06-11,1,4,13,17,34,39,6,102804882000,438565140,50
1020,2022-06-18,12,27,29,38,41,45,6,104996396000,1966431520,13
1021,2022-06-25,12,15,17,24,29,45,16,101960162000,2108962250,12
1022,2022-07-02,5,6,11,29,42,45,28,99233031000,4866468075,5
1023,2022-07-09,10,14,16,18,29,35,25,100399659000,2745677875,9
1024,2022-07-16,9,18,20,22,38,44,10,100081038000,3020323500,8
1025,2022-07-23,8,9,20,25,29,33,7,101318529000,6118853344,4
1026,2022-07-30,5,12,13,31,32,41,34,101556379000,1619118475,15
1027,2022-08-06,14,16,27,35,39,45,5,101195159000,2460504338,10
1028,2022-08-13,5,7,12,13,18,35,23,100613537000,1181235132,20
1029,2022-08-20,12,30,32,37,39,41,24,101336312000,2527848450,10
1030,2022-08-27,2,5,11,17,24,29,9,104899923000,1276406507,19
1031,2022-09-03,6,7,22,32,35,36,19,104316078000,3213957563,8
1032,2022-09-10,1,6,12,19,36,42,28,110907011000,2675257538,10
1033,2022-09-17,3,11,15,20,35,44,10,104642258000,1913414943,13
1034,2022-09-24,26,31,32,33,38,40,11,107150089000,2868856209,9
1035,2022-10-01,9,14,34,35,41,42,2,106759523000,3231193735,8
1036,2022-10-08,2,5,22,32,34,45,39,103753936000,2837323167,9
1037,2022-10-15,2,14,15,22,27,33,31,104840173000,1708576825,15
1038,2022-10-22,7,16,24,27,37,44,2,104932409000,1627457225,15
1039,2022-10-29,2,3,6,19,36,39,26,105259066000,1585019672,16
1040,2022-11-05,8,16,26,29,31,36,11,104007239000,3660482625,7
1041,2022-11-12,6,7,9,11,17,18,45,105301601000,935091165,25
1042,2022-11-19,5,14,15,23,34,43,4,106510259000,1240663669,20
1043,2022-11-26,3,5,12,22,26,31,19,107045942000,1468646956,17
1044,2022-12-03,12,17,20,26,28,36,4,102891973000,3136941235,8
1045,2022-12-10,6,14,15,19,21,41,37,105380282000,1990060443,13
1046,2022-12-17,7,16,25,29,35,36,28,100923993000,2011415719,12
1047,2022-12-24,2,20,33,40,42,44,32,103058179000,2748797875,9
1048,2022-12-31,6,12,17,21,32,39,30,117323901000,1612494508,17
1049,2023-01-07,3,5,13,20,21,37,17,108444724000,1727810100,15
1050,2023-01-14,6,12,31,35,38,43,17,108072602000,1535083280,17
1051,2023-01-21,21,26,30,32,33,35,44,119243907000,1669558480,18
1052,2023-01-28,5,17,26,27,35,38,1,107565461000,2341682762,11
1053,2023-02-04,22,26,29,30,34,45,15,113721665000,4090367411,7
1054,2023-02-11,14,19,27,28,30,45,33,113660567000,3147925709,9
1055,2023-02-18,4,7,12,14,22,33,31,112488256000,2362815205,11
1056,2023-02-25,13,20,24,32,36,45,29,113279615000,1969662456,14
1057,2023-03-04,8,13,19,27,40,45,12,112523887000,1616069714,17
1058,2023-03-11,11,23,25,30,32,40,42,112041382000,2058020250,13
1059,2023-03-18,7,10,22,25,34,40,27,110846824000,2033168481,13
1060,2023-03-25,3,10,24,33,38,45,36,110677185000,898238907,28
1061,2023-04-01,4,24,27,35,37,45,15,109909344000,2422768773,11
1062,2023-04-08,20,31,32,40,41,45,12,107109911000,3801933804,7
1063,2023-04-15,3,6,22,23,24,38,30,108347135000,3770311875,7
1064,2023-04-22,3,6,9,18,22,35,14,109427584000,1348168106,19
1065,2023-04-29,3,18,19,23,32,45,24,108181727000,1852593938,14
1066,2023-05-06,6,11,16,19,21,32,45,106440950000,1670947250,15
1067,2023-05-13,7,10,19,23,28,33,18,110703299000,1981114010,13
1068,2023-05-20,4,7,19,26,33,35,3,108988932000,1363929514,19
1069,2023-05-27,1,10,18,22,28,31,44,108388892000,1863217554,14
1070,2023-06-03,3,6,14,22,30,41,36,107222802000,1859116929,14
1071,2023-06-10,1,2,11,21,30,35,39,107362630000,5183979750,5
1072,2023-06-17,16,18,20,23,32,43,27,108156654000,2175006375,12
1073,2023-06-24,6,18,28,30,32,38,15,107352123000,2345227603,11
1074,2023-07-01,1,6,20,27,28,41,15,105744157000,2134763657,12
1075,2023-07-08,1,23,24,35,44,45,10,105635232000,2896337167,9
1076,2023-07-15,3,7,9,33,36,37,10,103168694000,2672689750,9
1077,2023-07-22,4,8,17,30,40,43,34,105927489000,3570901018,7
1078,2023-07-29,6,10,11,14,36,38,43,105407618000,2141604938,12
1079,2023-08-05,4,8,18,24,37,45,6,103120206000,2712329417,9
1080,2023-08-12,13,16,23,31,36,44,38,104111986000,3639444429,7
1081,2023-08-19,1,9,16,23,24,38,17,106974323000,2343892944,11
1082,2023-08-26,21,26,27,32,34,42,31,107566880000,3720489643,7
1083,2023-09-02,3,7,14,15,22,38,17,108995141000,1713084525,15
1084,2023-09-09,8,12,13,29,33,42,5,109818924000,1738764600,15
1085,2023-09-16,4,7,17,18,38,44,36,106249975000,1073277473,23
1086,2023-09-23,11,16,25,27,35,36,37,109250306000,1515913809,17
1087,2023-09-30,13,14,18,21,34,44,16,113960897000,1732253602,16
1088,2023-10-07,11,21,22,30,39,44,31,109089305000,2434697898,11
1089,2023-10-14,4,18,31,37,42,43,40,108725932000,2978522167,9
1090,2023-10-21,12,19,21,29,40,45,1,108364862000,2386494614,11
1091,2023-10-28,6,20,23,24,28,30,44,109335581000,2898470459,9
1092,2023-11-04,7,18,19,26,33,45,37,108970510000,1583289844,16
1093,2023-11-11,10,17,22,30,35,43,44,105589036000,1967040750,13
1094,2023-11-18,6,7,15,22,26,40,41,104078823000,2112854469,12
1095,2023-11-25,8,14,28,29,34,40,12,106160572000,2617825575,10
1096,2023-12-02,1,12,16,19,23,43,34,105753078000,2539391175,10
1097,2023-12-09,14,33,34,35,37,40,4,108873101000,3864293090,7
1098,2023-12-16,12,16,21,24,41,43,15,103850339000,1930461895,13
1099,2023-12-23,3,20,28,38,40,43,4,107510729000,2959934125,9
1100,2023-12-30,17,26,29,30,31,43,12,116187023000,2207575472,13
1101,2024-01-06,6,7,13,28,36,42,41,114758876000,2100529500,13
1102,2024-01-13,13,14,22,26,37,38,20,113178102000,1383591413,20
1103,2024-01-20,10,12,29,31,40,44,2,110195070000,1574419633,17
1104,2024-01-27,1,7,21,30,35,38,2,112449384000,1817193100,15
1105,2024-02-03,6,16,34,37,39,40,11,113295292000,1834853800,15
1106,2024-02-10,1,3,4,29,42,45,36,126617296000,2790462819,11
1107,2024-02-17,6,14,30,31,40,41,29,117664962000,2025625233,14
1108,2024-02-24,7,19,26,37,39,44,27,114578905000,1957990849,14
1109,2024-03-02,10,12,13,19,33,40,2,117196327000,1584352875,17
1110,2024-03-09,3,7,11,20,22,41,24,115083786000,1647392719,16
1111,2024-03-16,3,13,30,33,43,45,4,116382835000,1714662540,16
1112,2024-03-23,16,20,26,36,42,44,24,114216084000,2804455650,10
1113,2024-03-30,11,13,20,21,32,44,8,113342318000,1987426822,14
1114,2024-04-06,10,16,19,32,33,38,3,113597890000,1583813824,17
1115,2024-04-13,7,12,23,32,34,36,8,113939215000,2257278282,12
1116,2024-04-20,15,16,17,25,30,31,32,110862553000,2695000238,10
1117,2024-04-27,3,4,9,30,33,36,7,113895333000,3028385542,9
1118,2024-05-04,11,13,14,15,16,45,3,113727120000,1477445132,19
1119,2024-05-11,1,9,12,13,20,45,3,111840714000,1396028764,19
1120,2024-05-18,2,19,26,31,38,41,34,114804359000,2522163375,11
1121,2024-05-25,6,24,31,32,38,44,8,113898519000,2524513262,11
1122,2024-06-01,3,6,21,30,34,35,22,115540004000,2556266046,11
1123,2024-06-08,13,19,21,24,34,35,26,113142957000,1731310711,16
1124,2024-06-15,3,8,17,30,33,34,28,112014841000,2623327913,10
1125,2024-06-22,6,14,25,33,40,44,30,109407294000,2195289188,12
1126,2024-06-29,4,5,9,11,37,40,7,111998191000,2386382421,11
1127,2024-07-06,10,15,24,30,31,37,32,111571373000,2267891969,12
1128,2024-07-13,1,5,8,16,28,33,45,111364194000,419925560,63
1129,2024-07-20,5,10,11,17,28,34,22,110363498000,2369567660,11
1130,2024-07-27,15,19,21,25,27,28,40,109515089000,2263301219,12
1131,2024-08-03,1,2,6,14,27,38,33,109120798000,1542367898,17
1132,2024-08-10,6,7,19,28,34,41,5,110018123000,2404951807,11
1133,2024-08-17,13,14,20,28,29,34,23,111210839000,2105079491,13
1134,2024-08-24,3,7,9,13,19,24,23,111660087000,1755689384,14
1135,2024-08-31,1,6,13,19,21,33,4,113817137000,2953726125,9
1136,2024-09-07,21,33,35,38,42,44,1,113031911000,2314468157,12
1137,2024-09-14,4,9,12,15,33,45,26,119250007000,2023447688,14
1138,2024-09-21,14,16,19,20,29,34,35,109651510000,1902656786,14
1139,2024-09-28,5,12,15,30,37,40,18,117915887000,2167490972,13
1140,2024-10-05,7,10,22,29,31,38,15,115238556000,2279823938,12
1141,2024-10-12,7,11,12,21,26,35,20,115803173000,2457758285,11
1142,2024-10-19,2,8,28,30,37,41,22,114254355000,3117517709,9
1143,2024-10-26,10,16,17,27,28,36,6,116432896000,2545657023,11
1144,2024-11-02,3,4,12,15,26,34,6,116378514000,1489347375,18
1145,2024-11-09,2,11,31,33,37,44,32,116115162000,3051630084,9
1146,2024-11-16,6,11,17,19,40,43,28,116694743000,2526476353,11
1147,2024-11-23,7,11,24,26,27,37,32,115707061000,3323422079,8
1148,2024-11-30,3,6,13,15,16,22,32,113188640000,2073332308,13
1149,2024-12-07,8,15,19,21,32,36,38,112146718000,1613380765,17
1150,2024-12-14,8,9,18,35,39,45,25,114152034000,1570620309,17
1151,2024-12-21,2,3,9,15,27,29,8,116118444000,1620503030,17
1152,2024-12-28,30,31,32,35,36,37,5,120703009000,874349668,35
1153,2025-01-04,1,9,10,13,35,44,5,126343367000,2027312925,15
1154,2025-01-11,4,8,22,26,32,38,27,115268257000,1854965425,15
1155,2025-01-18,10,16,19,27,37,38,13,118482730000,4066375179,7
1156,2025-01-25,30,31,34,39,41,45,7,127643987000,1505207090,21
1157,2025-02-01,5,7,12,20,25,26,28,123443439000,2257842157,12
1158,2025-02-08,21,25,27,32,37,38,20,119706159000,1394358197,21
1159,2025-02-15,3,9,27,28,38,39,7,124802304000,1284854250,23
1160,2025-02-22,7,13,18,36,39,45,19,123177536000,2509359875,12
1161,2025-03-01,2,12,20,24,34,42,37,123230590000,1792657969,16
1162,2025-03-08,20,21,22,25,28,29,6,120578328000,823931021,36
1163,2025-03-15,2,13,15,16,33,43,4,122246316000,1936891150,15
1164,2025-03-22,17,18,23,25,38,39,22,121102645000,2193092164,13
1165,2025-03-29,6,7,27,29,38,45,17,118112106000,2192485270,13
1166,2025-04-05,14,23,25,27,29,42,16,116717661000,2072319938,14
1167,2025-04-12,8,23,31,35,39,40,24,118762131000,2884087913,10
1168,2025-04-19,9,21,24,30,33,37,29,117811795000,2136635914,13
1169,2025-04-26,5,12,24,26,39,42,20,118803195000,2852735813,10
1170,2025-05-03,3,13,28,34,38,42,25,116709995000,1386550969,20
1171,2025-05-10,3,6,7,11,12,17,19,115285696000,1128345286,21
1172,2025-05-17,7,9,24,40,42,44,45,117565241000,2203004452,13
1173,2025-05-24,1,5,18,20,30,35,3,118782668000,1179946063,24
1174,2025-05-31,8,11,14,17,36,39,22,119020467000,1910619425,15
1175,2025-06-07,3,4,6,8,32,42,31,117488305000,1384026094,20
1176,2025-06-14,7,9,11,21,30,35,29,115765450000,2052166154,13
1177,2025-06-21,3,7,15,16,19,43,21,115411832000,4576672000,6
1178,2025-06-28,5,6,11,27,43,44,17,118774279000,2391608407,12
1179,2025-07-05,3,16,18,24,40,44,21,115024678000,2162821097,13
1180,2025-07-12,6,12,18,37,40,41,3,115377965000,2535566421,11
1181,2025-07-19,8,10,14,20,33,41,28,113802682000,1593643500,17
1182,2025-07-26,1,13,21,25,28,31,22,115431308000,2124785424,13
1183,2025-08-02,4,15,17,23,27,36,31,115605968000,2073966000,13
1184,2025-08-09,14,16,23,25,31,37,42,117748924000,1910655600,15
1185,2025-08-16,6,17,22,28,29,32,38,117480804000,2388695125,12
1186,2025-08-23,2,8,13,16,23,28,35,116690738000,1985676911,14
1187,2025-08-30,5,13,26,29,37,40,42,117650847000,2619380012,11
1188,2025-09-06,3,4,12,19,22,27,9,116617971000,1074625172,24
1189,2025-09-13,9,19,29,35,37,38,31,119484685000,2263651299,13
1190,2025-09-20,7,9,19,23,26,45,33,118368861000,4622793813,6
1191,2025-09-27,1,4,11,12,20,41,2,121272809000,1536334355,18
1192,2025-10-04,10,16,23,36,39,40,11,129050196000,1079546587,29
1193,2025-10-11,6,9,16,19,24,28,17,118676603000,1717013508,16
